pred,gt
-0.493,-1.40466
-0.551,1.4859
-0.653,-1.48258
-0.697,-1.17733
0.752,1.20318
-0.7,-1.53499
-0.804,-1.3076
-0.718,-1.23191
0.221,1.23633
-0.504,1.36277
0.698,-1.38247
-0.545,-0.120186
-0.439,1.47787
-0.682,-1.51708
-0.861,-1.16809
0.515,1.29552
-0.546,-1.32508
-1.211,-1.01667
-1.957,1.5152
0.617,-1.45654
0.198,-1.51929
-1.45,-1.5683
-0.951,-1.20298
0.087,-1.51377
-0.022,1.38036
-0.661,1.31102
-0.93,-1.46868
-0.236,-1.47166
0.273,1.47456
-0.991,-1.39167
0.427,1.35391
0.511,1.18153
0.809,1.46232
0.537,1.48089
0.374,-1.48889
0.446,1.56083
0.308,-1.46269
0.799,1.53844
-0.558,-1.5497
-0.198,-1.44389
0.529,1.4107
-1.182,-1.41803
-0.491,1.52172
0.279,1.34036
1.045,1.33753
0.968,-0.94219
-0.536,-1.36252
-0.537,-1.24359
0.157,1.49021
0.66,1.12811
0.789,-0.33282
-0.104,-1.44512
-0.199,-1.55498
0.665,1.48372
0.634,-1.31634
0.004,-1.03607
-0.75,-1.04596
-0.535,-1.1991
-0.398,-0.71224
-0.789,-0.743281
0.716,-1.55231
0.588,-1.51301
0.145,1.11212
-0.294,-1.52485
0.353,1.47603
0.102,-1.181
0.319,1.35874
0.742,1.09911
0.437,-1.44568
0.284,-1.19588
-1.373,-1.11981
0.281,-1.3746
-1.285,1.52572
-0.323,1.3621
-0.589,1.45097
-0.606,-1.43049
-0.706,1.38592
0.968,1.12573
0.132,-1.42699
0.368,-1.45484
0.665,-1.56345
0.869,1.05681
-0.782,1.39517
0.006,-0.0272238
0.383,-1.53642
0.373,1.44567
0.856,1.19591
-0.284,-1.03747
0.339,-0.942635
-0.818,-1.00783
-0.745,-1.24293
-0.556,-0.774315
0.555,1.29855
-1.286,-1.04603
-0.461,1.42099
-2.132,-1.29795
0.3,-1.44501
-1.555,-1.38967
-0.888,-1.5648
-0.597,-1.4768
-1.201,-0.757158
0.572,1.27794
0.538,1.32228
0.522,0.920183
-1.532,-1.12781
-1.62,-1.14385
0.149,1.45714
0.346,-0.984003
-0.123,-1.05189
0.098,-1.09996
-0.239,-1.2259
-0.917,-1.38842
-0.751,1.56681
-0.604,0.0491098
0.815,-1.39636
1.567,-1.55777
-0.593,-1.49638
0.368,1.48162
-1.429,-0.836542
-1.582,-1.40893
-0.249,1.39833
0.316,1.23212
0.223,1.38506
-0.466,-0.689073
-0.156,1.48493
-0.361,-1.25145
0.426,1.21323
0.268,1.3808
0.479,-1.36866
0.299,1.492
-0.095,-1.55239
0.415,1.40813
-0.437,-1.38091
1.326,1.17981
-0.285,1.51582
0.694,1.56854
-0.347,1.41876
-0.258,1.45338
0.281,-0.264606
0.605,1.30086
0.434,1.47475
-0.989,-1.4733
-0.166,-1.48477
-0.039,1.53322
-1.031,-1.39028
0.636,1.34788
0.592,1.51621
0.556,1.24363
0.826,-1.46648
-1.821,-1.2352
0.284,0.869225
-1.644,-1.09851
-1.712,-1.23787
-1.328,-0.97391
1.157,1.25435
-0.036,-0.572058
-0.486,1.34469
-0.218,1.48468
-1.189,-1.19742
-0.997,-1.26303
-1.033,-1.10057
-1.222,-1.12077
0.281,1.48066
-0.843,-1.53175
-0.298,-1.48666
-1.764,-1.47216
-1.418,-1.52918
-0.721,-1.28318
0.132,-1.42337
-1.163,-1.55641
-0.607,-1.49018
-0.673,-1.5402
0.647,1.55543
0.521,-1.44114
0.226,1.49888
-0.734,-1.45198
0.224,-0.484969
-0.756,-1.16045
-0.254,1.27311
-0.791,-1.34834
0.506,-1.49141
-0.944,-1.55256
-0.443,-1.04658
-1.157,-1.29611
-1.078,-1.33336
-0.731,-1.513
0.72,0.663189
0.397,1.08441
0.837,-0.0408068
0.661,1.19558
0.388,-0.0386231
0.825,1.42442
0.455,1.43885
-0.179,-0.542781
-0.687,-1.06608
-1.455,-1.26478
0.203,-1.43386
-0.754,-1.28113
-1.226,1.47747
-0.581,1.5505
0.68,1.27779
-0.016,1.5177
0.652,1.27937
-0.01,1.29334
-0.288,1.44402
-1.747,-1.11037
0.634,0.925764
-0.035,1.309
-0.155,1.34767
0.351,-0.389912
-1.067,-1.07106
-0.926,1.02623
-0.294,-1.35561
-1.538,-1.08931
-0.046,1.51537
0.176,1.51991
-0.639,-1.41723
-1.391,-1.4559
0.069,1.49836
-1.024,-1.47388
-0.222,-1.48714
0.298,1.5028
-0.17,1.52333
-0.94,-1.38485
0.245,1.29485
-1.039,-1.30681
0.676,1.25628
0.183,-0.152449
0.545,1.04033
-0.681,-1.45792
-0.616,-1.51423
-0.137,-1.00184
0.332,1.3288
-0.095,1.11023
-0.196,-1.56107
-0.135,1.35869
-1.12,0.946718
-0.573,-1.41105
-0.242,-1.30508
-0.933,-1.20719
-0.478,-0.522154
0.389,1.16971
-2.018,-1.54932
-0.396,-1.37147
-1.328,-0.858687
-0.797,-1.48718
0.74,1.4381
1.204,1.30088
-0.41,1.52321
-0.446,-1.4767
-0.533,-1.18335
0.723,1.27928
0.494,-1.12149
0.69,1.44482
-0.284,1.30459
-0.365,1.45398
0.802,1.48374
-0.479,1.3516
-0.321,-1.4477
-1.315,-1.11293
-1.294,-1.09248
-1.155,1.07167
-0.62,1.24497
1.083,1.48196
-0.216,-1.43248
0.407,1.10763
0.615,1.05097
-0.714,-1.14573
-0.744,1.56149
1.091,-1.19702
0.502,-1.26123
0.479,1.10265
-1.348,-1.30867
-1.799,-1.2658
-1.476,-1.13122
0.5,-1.17521
-0.802,-1.25353
-1.707,-1.13776
0.751,-1.52712
-0.101,-1.17851
-0.428,-1.01568
-0.426,-1.2592
0.111,1.49507
0.134,-1.46736
0.009,1.38993
0.087,-0.447508
0.266,-0.426674
0.71,-0.516022
-0.73,-0.617593
-0.98,-1.15601
-1.519,1.43571
-0.913,-1.11052
-0.689,-1.19586
0.334,-1.54049
-1.416,-1.18563
0.931,-0.554485
0.48,1.38466
-0.099,0.700777
0.797,1.28413
-1.134,-0.758004
-0.495,-1.26861
-0.844,0.251994
-0.573,-0.444047
-0.797,-1.31528
-0.305,-1.45224
0.138,-1.3986
0.589,1.1909
-0.212,1.23866
-1.877,-1.54985
0.714,1.27249
-0.943,-1.40577
-1.252,1.56765
0.254,1.46779
-0.287,-1.53788
1.116,-1.3842
0.532,0.329666
-1.223,-1.14382
0.246,1.4151
0.334,-0.611607
-2,-1.52741
0.201,1.49784
-0.036,0.535354
0.207,1.21532
1.003,0.972264
-1.143,-1.37554
-0.687,-0.553929
0.044,1.52557
-1.575,-1.03112
0.898,0.970339
0.93,-1.48977
-0.264,1.42482
-0.036,-0.0909365
-0.544,-1.38269
0.28,1.51363
-1.42,-1.20064
-1.201,-1.20788
-0.445,-1.53787
-0.776,1.50737
-0.027,-0.374331
-1.339,-1.36926
0.166,1.38029
-0.877,-1.48326
-0.935,-1.50085
-1.192,-1.45329
-1.126,-1.23743
-1.192,-1.37686
-0.723,-1.48228
-0.533,-1.4976
0.13,1.47941
-0.497,-1.36444
0.426,-1.54477
0.591,-1.33066
0.584,1.47911
0.262,-1.45252
0.612,-0.928393
0.028,-1.38961
0.803,0.780758
0.358,-1.15619
-1.603,-1.08064
0.111,1.26509
-1.026,-1.44168
-0.065,-1.41197
-1.837,-1.31086
-0.299,1.36966
0.065,1.34303
0.523,1.00252
-1.033,-1.24503
-0.358,1.50626
0.332,1.53947
0.249,1.28584
0.883,1.34478
-1.804,-1.10269
-0.344,1.43634
-1.556,-1.08201
1.098,1.23823
-2.404,-1.20416
0.297,1.56703
0.421,1.43595
0.84,0.74796
-0.246,1.31491
-1.394,-1.02187
-1.92,-1.19488
-1.357,-1.24174
0.725,-1.57015
-0.522,1.2109
0.074,1.25912
-1.32,-1.27495
0.381,1.4466
0.755,0.8651
1.142,1.39876
0.044,-1.40568
-0.543,-0.9233
-1.313,-1.15965
-0.795,-1.46833
-0.102,-1.16342
-0.831,-0.449379
-0.408,-0.741833
-0.928,-0.861129
-0.207,-1.30707
-0.96,-1.18087
-1.444,-1.12598
-0.064,-0.0217193
-0.417,-0.338623
-1.004,-0.343344
0.728,-0.251178
-0.987,-1.4822
0.587,1.48316
-0.263,-1.52659
-0.109,1.49437
0.307,1.37496
-0.439,-1.44572
-0.852,-1.221
-1.131,-1.27564
-1.062,-1.26601
-0.589,-0.276922
0.027,0.0204863
0.515,1.4619
0.531,1.56771
0.239,-1.29758
0.426,1.51867
0.328,-1.18236
0.677,-1.15503
-0.562,-1.33087
-1.43,-1.53865
-0.27,-1.42022
-0.492,-1.2387
-0.618,-1.12017
-0.58,-1.47429
-0.396,-1.3898
0.836,1.11696
-1.727,-1.55258
-0.001,1.45646
-0.433,-1.46111
-0.752,1.55881
0.476,-1.47836
0.26,1.37873
-0.018,-1.4918
0.704,-1.40124
-1.328,-1.28394
-0.9,-1.4768
-0.96,1.5053
0.246,0.224085
0.065,1.44285
-0.378,1.32819
-0.857,1.50775
-0.519,-1.22236
-0.969,1.56272
-0.044,-1.03413
-0.554,-1.45774
0.666,1.54144
0.231,1.39237
-0.51,1.30861
0.086,0.910823
-0.294,-0.164293
-0.212,-0.94557
-0.131,-1.14241
-0.303,-0.956331
0.093,-0.572029
-0.104,-1.31637
-0.933,1.3116
-0.356,1.49347
0.775,-1.52185
1.187,1.1327
-0.713,1.35948
-0.532,0.213016
1.09,-1.56548
-0.336,-1.35426
0.532,-0.764376
-0.985,-1.07592
-0.722,-1.44619
-0.54,-0.349695
0.949,1.32873
-2.234,-1.27755
-2.02,-1.15301
0.729,0.580135
-1.476,-1.5354
-0.836,-1.31056
-0.278,-1.51267
0.135,-1.47744
0.308,1.55542
-1.252,-1.40251
0.474,1.51225
-0.698,-0.754122
-1.601,-1.13285
-2.177,-1.17443
-0.24,1.27526
-0.731,-1.35881
-0.026,-1.44585
-1.059,-1.08036
-0.547,-1.54219
-1.957,-1.1014
0.699,1.44584
-0.664,-0.950449
-1.814,-1.12611
0.574,1.52063
-1.43,-1.29728
-0.312,-1.19005
0.457,-1.34531
0.592,-0.952945
-0.017,-0.752338
-0.809,1.36187
-1.762,-1.55573
-0.317,1.52058
0.491,1.44369
0.614,-0.421807
0.344,1.31457
0.101,-0.208955
-1.051,-1.16021
0.425,1.31832
0.793,0.0709278
0.495,1.17061
0.391,0.873863
0.311,1.43007
-1.8,-1.18669
-0.821,1.21486
-0.905,-1.01827
-0.416,-1.15698
-0.593,-1.54531
-0.945,-0.0885908
0.394,-1.16638
-1.151,-1.26031
-0.666,-1.56928
-0.198,1.2323
-0.732,-1.054
0.581,1.46258
0.009,-0.265678
-1.322,-1.38946
-1.036,1.43784
0.274,-0.811906
-1.451,-1.55393
-0.687,-1.31711
-0.183,-1.4407
0.206,0.114069
-1.338,-1.01696
0.782,1.44294
0.412,1.45365
0.471,-1.2311
0.246,-1.40217
-0.434,1.53012
-0.5,-1.38472
0.148,-1.04807
0.464,0.543895
0.62,1.27825
0.424,1.21464
-1.133,1.32675
0.784,1.17058
-0.434,-0.0983798
-1.49,-1.42134
0.579,-1.4548
-1.052,-1.48052
0.534,1.49225
-0.072,-1.49335
0.52,1.56103
0.418,1.48205
1.066,-1.2874
-0.555,1.53505
-0.77,-0.861387
-0.459,1.44435
-0.929,0.313264
-1.678,-1.18263
-0.701,-0.858509
0.802,1.53727
0.665,0.930705
1.045,1.13057
0.445,-1.4921
0.288,1.30128
1.163,1.16252
-0.156,-1.23385
0.669,1.56879
-0.596,1.46296
0.627,1.35652
0.673,-1.56331
-1.499,-1.56565
-0.318,-1.14133
-0.283,-1.42626
0.593,1.37573
-1.07,-1.4218
-2.004,-1.12503
-1.706,-1.0715
-1.777,-1.12962
-1.658,-1.24354
-0.017,1.40113
-1.334,-1.0785
-1.252,-1.44512
-1.239,-1.53458
-0.339,-1.05321
-1.021,-1.30906
-1.506,-1.08164
-0.062,-1.46136
0.416,1.40628
0.528,1.39545
-0.701,-1.34659
-0.009,1.23398
-0.304,1.35096
-0.173,-0.389028
0.42,-1.37744
-1.072,-1.47473
-0.35,-1.4718
-0.005,1.37305
-0.175,1.51797
0.606,1.23604
1.021,1.45735
-0.07,-1.5465
0.676,0.889268
0.595,0.283126
-1.119,-0.988926
-0.058,-0.0124832
-1.266,-1.36472
-1.16,-1.17545
-0.811,1.12623
-1.837,-1.39871
-0.149,1.35955
0.291,-1.41015
0.302,-1.42324
0.31,-1.50988
0.392,-0.600025
0.608,-1.00952
0.178,1.02381
-0.853,-1.26572
-1.753,1.4497
0.134,-1.37284
0.675,1.12139
-0.192,-1.47022
-0.773,-1.53209
-0.92,-1.33836
0.619,-1.32996
0.485,-1.08771
1.126,1.50717
0.9,1.45846
-0.974,-1.53738
-0.427,-1.38586
0.586,1.45906
-1.213,-1.17107
-0.92,0.234815
0.137,1.56483
0.476,-1.15814
0.661,-0.0110187
0.502,-0.331407
0.516,-0.634707
0.355,0.284614
0.545,-1.52963
-0.772,1.46988
-1.6,-1.53508
0.764,1.26243
-0.802,-1.32055
-0.491,1.08629
-0.632,1.51948
-1.565,1.56668
-0.995,-1.50308
-0.126,1.43812
0.897,1.33376
0.409,1.35127
0.151,0.736535
-1.87,-1.20201
0.041,1.44881
-1.829,-1.15206
-0.316,-0.727854
0.179,1.53354
-0.591,-1.33112
0.174,-1.38281
0.542,1.21397
-0.052,1.32611
-0.234,-1.31154
0.56,-0.468656
0.525,1.5069
0.813,0.877409
-0.761,-1.11416
0.758,-1.49455
-0.068,-1.3771
-1.528,1.48518
0.406,-1.34041
0.259,-1.48514
-0.581,1.55935
-1.521,-1.26399
0.496,1.24167
-0.204,-1.29643
0.065,1.34156
-0.142,1.34529
0.363,-0.738666
0.608,1.46116
-2.294,-1.15877
0.024,1.41597
0.257,1.3018
0.511,1.57069
-1.294,-1.28084
-1.191,-1.27062
-0.419,1.46169
-0.674,1.49814
-1.111,-1.47
0.444,1.20333
0.033,1.3825
0.019,1.47208
1.378,1.5337
-0.566,1.51983
-2.137,1.52864
0.359,0.652439
-1.37,-1.18546
-1.705,-1.41928
-0.282,0.461552
0.326,1.46602
-0.277,1.35004
-0.426,-1.23871
-0.113,-1.53159
-0.992,-1.44382
-0.387,1.55569
0.733,1.23598
-0.521,-1.25663
-0.097,-1.08229
0.301,-1.53369
0.526,1.48015
0.709,1.10703
0.386,0.931553
-0.266,1.21105
-0.394,-0.57771
-0.936,1.31415
-0.453,1.35997
-0.717,-0.694519
-0.274,1.5332
-1.584,-1.11292
-1.193,-1.51422
-0.028,-0.277388
-0.174,-1.53818
0.832,1.09906
0.14,-1.28731
0.834,1.52843
0.743,-0.447169
0.548,-1.56568
0.522,1.49675
0.552,-1.50945
-1.671,-1.26658
-1.406,1.13256
-1.08,-1.40098
-0.676,-0.534347
-0.261,-1.39663
-1.023,1.40904
-0.211,-1.1771
-0.075,-1.43611
-1.389,-1.49264
-1.611,-1.12889
0.411,1.27745
0.267,1.42056
-0.594,-0.607356
-1.3,-1.21471
-0.656,-1.52514
-0.07,-1.4754
0.352,1.34124
-0.984,-1.08633
-1.587,-1.37296
-0.078,1.47509
1.299,1.21714
0.603,1.48844
-0.834,-1.03285
-0.463,1.39807
-1.381,-1.01912
-1.024,-1.08331
-0.661,1.51149
-1.823,-1.31653
-0.834,-0.981504
-1.512,-1.16159
0.768,1.28276
-0.022,-1.40469
0.366,-1.47001
0.154,1.55275
-1.161,-1.31947
0.415,-0.071326
-0.455,-1.46089
0.29,1.25691
0.697,1.50684
0.316,-1.56729
-0.4,0.143699
0.183,0.812258
-0.477,1.26804
-0.571,-1.34658
0.36,1.35634
-0.321,1.39164
-1.697,-1.13889
-2.119,-1.53394
-2.178,-1.2771
0.672,1.54631
0.637,1.23915
-0.179,1.33873
-0.19,-1.30208
0.345,-1.23927
0.47,1.42984
-0.949,-1.40641
0.12,1.42927
-1.177,-1.54361
-0.019,1.51487
0.713,1.41261
0.645,1.47466
0.419,1.09627
-1.42,-1.53198
-0.564,-1.27014
-0.046,-1.42525
-0.996,-1.0424
0.096,1.37447
-0.263,-1.36664
0.872,1.38031
0.614,-1.5153
1.169,1.11543
-0.378,-1.23888
-0.414,1.30643
0.127,-1.45143
0.197,1.43141
0.655,-1.35115
-0.124,1.29407
0.2,1.18648
-0.872,0.960699
-0.438,1.5504
-0.506,1.44227
-1.678,1.36921
0.57,1.37032
0.812,1.47274
0.353,1.55345
0.521,-0.584173
0.486,1.36724
0.643,1.19979
-0.234,1.4309
0.322,-0.723507
-0.241,-1.49177
-1.266,1.56419
0.409,-1.35023
-1.066,-1.39774
-0.23,-1.37283
-0.807,-1.15541
-0.871,-1.21968
0.641,1.29109
0.376,1.35958
-1.716,-1.08865
-1.024,1.3489
-2.016,-1.22017
-0.595,1.46437
-0.418,1.45302
0.573,1.523
-0.708,-1.31355
-0.831,-1.27385
-0.695,1.26951
-0.432,1.38976
-1.73,-0.984597
-0.608,-1.30165
-0.134,1.36384
-0.849,-1.17392
-0.71,1.41893
-0.496,-1.29322
0.29,0.445415
-0.801,1.37528
-1.951,-1.1638
0.748,1.47977
-1.036,-1.496
-1.214,-1.17973
0.781,1.34337
0.571,1.40675
0.603,1.44365
0.586,1.34853
-0.242,1.40021
-1.041,-1.53268
-0.337,1.06429
-0.237,1.25906
-0.574,-1.10953
-1.429,-1.49537
-0.25,-1.55144
0.431,1.37061
0.467,1.17988
-0.294,-1.26286
-0.215,1.33689
0.397,1.36816
-0.086,1.53874
0.544,-1.27337
-0.598,-0.906631
0.703,-1.21101
-0.642,-1.46961
-0.713,1.26638
-0.148,-1.53248
-1.088,-1.26911
0.629,1.38167
-0.235,1.4789
1.241,1.32388
-1.179,-1.10603
0.478,-1.47138
-0.458,1.32308
-1.277,1.56954
0.072,1.32533
-1.024,-1.48498
0.741,1.47269
-0.064,-1.48889
0.249,1.5233
-1.054,-1.37179
0.533,0.899188
-0.357,0.99537
-0.986,0.876754
-0.539,-0.343148
-0.189,-0.398674
0.196,-1.08742
-0.146,-0.979162
-0.051,-1.04712
-0.977,1.43555
-1.161,-1.37504
-1.291,-1.12644
-0.092,0.877989
-1.541,-1.0719
-1.283,-1.27395
-0.4,1.4964
0.359,-1.50209
0.469,-1.5358
0.639,1.2508
1.09,0.997375
-1.002,-1.18531
-1.169,-1.33705
0.04,0.0137924
0.019,-1.50025
-0.034,-1.33123
0.376,1.52334
0.066,1.21058
0.228,1.13595
-1.497,-1.2009
-0.999,-1.08345
0.31,1.47168
-0.392,1.26137
0.254,-1.47307
0.224,1.45591
0.65,1.32069
-1.4,-1.16498
-0.994,-1.36528
0.18,1.46626
0.624,-1.56684
0.919,1.45592
-0.064,-1.15241
-1.2,1.39189
-0.483,-1.2212
-1.619,-1.3873
-1.086,1.45025
1.017,-0.0358841
-0.776,-1.47074
0.279,1.40046
0.196,1.49623
0.955,-1.50959
-1.411,-1.46319
-0.363,-1.18819
-1.19,1.46302
0.087,1.33219
0.777,0.692714
-0.663,-1.52233
-0.422,-1.15701
-1.116,-0.0554782
-1.061,1.45004
0.152,-1.38826
0.654,1.48658
0.381,-1.0423
-0.391,1.35439
-1.113,-1.09464
-1.72,-1.48317
0.668,-1.30027
-0.147,-1.40641
0.679,-1.25883
0.536,-0.741674
-0.663,-0.894406
-0.538,1.38822
-0.905,-1.26891
-0.775,-1.13619
-0.502,-1.20167
0.304,-1.50352
0.346,-1.44502
-0.862,-1.49605
-0.339,-1.3873
-0.747,-1.49576
0.519,0.0212877
0.884,-0.340619
0.331,0.780395
0.06,-1.45031
-1.329,-1.19557
-1.642,1.50922
0.638,1.4432
-1.36,-1.56037
0.212,1.49157
-0.369,-1.42873
-0.056,1.29229
-0.92,-1.17777
0.112,-0.780158
-1.35,-1.12119
-1.158,-0.834856
0.581,1.48671
0.608,1.55818
0.433,1.49382
-0.72,-1.15112
-0.32,1.46468
-0.551,-1.50589
-1.984,-1.36173
-0.959,1.43297
0.267,-1.27102
-0.498,-1.35124
-1.467,-1.54008
0.326,1.37013
0.409,1.37362
-0.416,-1.36083
-0.472,1.39181
-0.724,1.35775
-0.289,1.38976
0.044,-0.606538
-1.628,1.56789
-0.986,1.52226
-0.995,1.37091
-1.153,-1.15883
-0.343,-1.05762
-0.042,-1.54556
0.124,-1.36854
0.209,1.5614
0.921,1.04919
0.698,1.39109
0.87,-1.56014
-0.948,-1.10113
-1.528,-1.19858
-0.91,-1.21771
-0.756,-1.1684
-0.041,1.56046
-0.137,-0.342908
0.134,-0.0647976
0.302,1.38063
-0.699,-1.25787
-1.353,-1.53659
0.068,-1.40265
-2.151,1.45634
0.024,-1.49301
-0.374,-1.32728
-0.525,-1.51195
1.099,-0.45393
-1.92,-1.15494
-1.483,-1.21167
-1.162,-0.226998
0.025,-1.25066
-0.567,1.39849
-0.868,1.39169
-1.451,-1.52664
-0.072,-1.28479
0.17,1.38098
-0.928,-0.44911
-0.209,1.55091
0.602,1.42682
-1.774,-1.30952
0.827,-1.52989
-0.459,-1.20395
0.243,-1.43424
0.454,-1.44801
0.114,1.46953
-0.282,1.4893
0.865,1.51714
0.708,1.47247
0.074,1.05591
-1.041,1.3768
-0.113,1.35411
-0.692,-1.12223
-1.249,-1.27216
-0.856,-1.56833
-1.345,-0.980017
0.706,1.39652
0.574,1.26782
-0.778,-1.26669
-0.111,-1.44295
-0.273,-1.39535
0.832,1.32473
0.306,-0.183516
0.984,-1.5429
-0.517,1.36561
-1.452,-1.36786
-1.638,-1.51032
-0.692,1.44179
-1.223,-1.33037
-0.539,-1.41714
-1.675,-1.5161
-0.931,-1.06983
0.423,1.14831
0.398,1.34445
0.221,1.4309
-0.327,-1.33156
0.278,1.56984
0.323,1.41456
1.264,0.398707
0.592,-0.422883
-1.007,-1.47577
-0.137,-1.48957
0.521,1.49462
0.216,1.54736
-1.054,-1.39992
0.389,-1.4505
0.396,-0.475644
0.781,1.43996
-0.866,1.46473
0.546,1.49012
0.315,1.55497
-0.975,-1.03855
-0.287,-1.11069
-0.251,-1.39921
0.334,1.09529
-0.461,1.4394
0.702,1.15801
-0.036,-0.416263
-0.422,-1.40532
-0.143,1.43271
-0.106,-1.46619
-0.902,1.53466
-1.563,-1.13186
-1.356,-1.56093
-0.579,-1.17753
-0.586,-0.592552
-0.861,-1.49033
-0.408,-1.34052
0.83,1.44897
0.758,1.45879
1.089,1.34749
1.043,-1.42106
1.026,-1.53311
-0.052,0.0682266
-0.179,1.24642
-0.85,1.22807
-0.48,-1.15945
-0.546,-1.52583
-0.454,-0.49916
-0.911,-0.0173912
0.299,1.40306
0.329,-1.22141
-0.743,1.31729
-0.433,-1.17061
-0.193,1.45971
-0.343,1.37162
-0.831,-1.40583
-1.063,-1.03324
-1.07,-1.24722
-0.953,-0.92827
0.385,1.3968
0.21,-1.43655
0.515,1.4608
-1.173,-1.50341
-0.151,-1.53242
-0.363,1.54756
0.188,1.52328
0.751,1.52802
0.478,-1.22278
-1.426,-1.13861
-0.026,1.40785
0.687,1.25062
0.402,1.21256
-0.691,-1.32701
-0.267,1.32315
-0.211,-0.322731
0.474,-1.5283
-0.616,-1.50184
-0.22,-1.14891
-0.752,0.0146269
0.651,1.29113
-0.548,1.41172
-0.798,-1.45451
-0.821,1.56993
-0.857,-1.53072
-1.339,1.50551
0.876,-1.40518
-0.509,-1.08318
-0.332,1.35166
-0.621,1.51139
-1.179,-1.2104
-1.344,-1.26527
-2.04,-1.12407
0.686,1.04751
-0.697,1.08563
-0.367,1.434
-0.6,-0.864171
-0.561,1.54884
0.376,-1.09024
-0.109,-0.909696
-0.224,-1.0726
-0.426,-0.888562
-1.045,1.42559
-0.465,-1.02965
-1.103,-1.08542
-0.699,-1.56832
0.399,1.38729
0.471,1.4212
0.476,1.54841
0.236,-1.25087
0.424,1.4395
0.422,-1.24385
0.228,1.44507
0.31,1.51967
0.104,1.51535
0.327,1.40367
0.146,-1.01055
-0.073,1.35777
-0.509,1.41688
-1.783,-1.56228
-0.882,-1.49251
-0.774,-1.35308
0.463,0.749976
0.179,1.42249
0.854,1.07583
-0.218,1.32116
-0.363,1.50526
0.064,-1.5266
0.805,1.35753
0.366,-1.53727
0.101,1.4962
-0.073,1.40674
1.088,1.52071
0.325,-1.50944
-0.585,1.40187
-0.203,-1.19988
1.188,1.14594
-0.374,0.538937
0.968,-1.56265
-0.009,1.5034
0.346,0.97157
0.014,-1.39154
-0.811,-1.37805
0.349,-1.4927
0.196,-1.36887
0.153,1.31729
-0.655,1.45824
-0.179,-1.22041
0.724,-0.356938
-0.661,1.45387
-0.48,-1.38001
-1.186,1.56822
-0.569,-1.5173
0.148,1.31192
0.703,1.52235
0.513,-0.371248
0.722,1.41956
0.173,1.51369
-1.332,-1.53444
-0.555,-1.28692
-0.047,-1.44612
-0.888,-1.42462
-1.496,-1.37284
-1.728,-1.18087
-0.814,1.30886
-1.353,-1.30707
-1.374,-1.0867
-1.998,-1.17323
-0.554,0.999391
-0.769,-0.993566
-0.564,-1.45821
-0.77,-1.51505
-0.706,1.49707
0.54,-1.56231
0.577,1.3694
-1.066,-1.0501
-0.315,-0.808031
-1.033,-1.16339
-0.964,-1.33255
-1.088,-1.26211
-0.14,1.42308
0.073,-1.22559
-0.164,-1.3803
0.356,1.49732
-1.224,-1.22408
-0.859,-1.33274
-0.747,1.54436
-1.528,-1.24463
0.546,-1.46844
0.556,1.17143
0.368,0.925407
-0.78,1.3098
0.15,-1.47573
1.38,1.41509
-0.226,-1.34572
0.65,1.20268
0.161,1.34565
0.496,-1.11685
0.524,1.5692
-0.956,-1.31716
-1.676,-1.14797
-0.524,1.45862
-2.205,-1.55764
0.138,1.43031
-1.356,-1.22774
0.6,-0.915905
-1.088,-1.54847
-1.385,-1.33337
-0.786,-1.29464
-0.654,-0.280227
-0.993,-1.37602
-1.553,-0.743973
-0.967,-0.539452
-0.22,1.3759
0.452,0.670713
-0.599,1.43567
-1.556,-1.23958
-1.54,-1.23047
-0.831,-1.37545
-0.939,1.47152
-1.69,-1.24942
0.107,1.25186
0.072,1.38588
1.306,1.3924
-1.406,-1.53793
-0.635,-1.3102
0.423,-1.45097
-0.412,1.38602
-0.481,-1.53115
-1.98,-1.05727
-0.437,-1.49603
-1.327,-1.38262
-1.74,0.387626
1.179,-1.52994
0.222,-1.53305
-0.324,1.55933
-1.611,-1.52777
-0.08,-1.04013
0.732,-0.980562
0.013,-1.10562
-0.546,1.4776
-1.424,-1.41816
-1.568,-1.14196
-1.238,-1.05261
0.843,1.39796
-0.023,-1.42249
-0.851,-1.27965
-0.388,-0.979703
-1.493,-1.17363
0.272,1.43712
0.565,1.4344
0.45,1.21856
0.551,1.36873
-1.541,-1.27477
-0.311,1.5626
-0.52,-1.27386
0.261,1.55533
0.683,1.38002
-1.518,-1.24418
-0.457,-0.440352
-0.38,1.24201
1.141,0.826578
-0.193,1.34025
-0.973,-1.16713
-0.111,-1.53421
-1.809,-1.27767
-0.506,-1.41574
-0.972,-1.23653
-0.562,-0.136356
-0.967,-0.0782885
0.417,-1.24558
0.993,1.20493
0.382,1.25429
0.14,-0.172912
0.328,-0.950724
-0.532,1.37926
-0.432,1.37202
0.497,-1.49532
0.399,1.49538
-0.491,-0.678464
0.145,1.09065
-1.229,-1.53957
-0.809,-1.20901
-1.035,-1.51763
0.33,-1.44284
0.427,1.48072
-1.405,-1.50754
-1.029,-1.25842
-0.734,-0.996578
-0.449,1.44345
-0.152,1.54221
-0.293,1.34992
-0.602,-1.54173
-0.372,-1.36308
-0.583,-1.2934
0.244,1.45088
0.69,1.21236
0.124,1.3068
-0.715,-1.36378
-0.206,-0.325885
0.516,-1.38905
0.245,1.45024
0.713,1.31385
0.514,-1.45698
-1.421,-1.5196
-0.746,-1.30625
-0.417,1.55779
0.361,1.40217
-1.117,-1.54651
-0.927,-1.32762
-0.701,-1.37142
0.192,1.49392
-1.08,1.47747
-0.845,-1.23392
-1.057,1.53921
-1.754,-1.04883
-0.94,1.56566
0.484,1.54537
0.409,1.38244
0.292,-1.15968
0.723,1.44153
0.262,1.39449
0.426,-1.39744
0.59,1.50934
0.147,-1.52414
0.358,1.14222
0.578,1.42639
0.29,-1.5352
0.308,0.798262
0.267,-1.08998
-0.902,1.3125
-0.47,-1.30938
0.662,1.44625
0.417,1.44947
0.496,1.49828
-0.304,1.49378
-0.466,-1.42634
0.467,1.42908
-2.044,-1.48125
-1.377,-1.26324
-1.074,-1.30934
-0.398,-1.39695
0.549,1.50624
0.236,1.36277
0.704,1.50992
0.33,0.862237
-0.762,-1.36153
0.093,-1.04138
-0.134,-0.436466
0.065,-1.31494
-1.126,-1.46001
0.656,1.46201
-1.235,-1.54082
-0.278,1.55139
0.418,1.30856
0.034,1.4938
0.52,1.42763
0.186,0.487799
0.685,1.44178
-0.452,-1.10421
-0.029,1.50445
-0.663,-1.4987
0.619,1.27101
-1.077,1.50073
-0.299,1.40844
0.522,1.30554
-0.784,-0.869707
-1.215,-1.44057
-0.882,-1.29932
-1.451,-1.19945
-1.618,1.49851
-1.532,-1.14385
0.517,1.40802
0.62,-1.47392
0.716,1.50688
0.957,1.381
0.692,1.37231
-0.734,1.30778
-1.369,-1.13629
-0.915,-1.40671
-0.704,-1.47325
0.532,-1.48468
-1.347,-1.54668
-0.698,-1.27143
0.391,-1.44624
-0.097,1.56996
0.561,1.50714
0.708,1.44529
0.984,1.25347
-1.402,1.35541
-0.511,-1.39074
-0.993,-1.11404
-0.866,1.50624
0.297,-1.3073
-1.389,-1.40052
-1.135,-0.809696
-1.938,-1.50007
-1.504,-1.32194
-1.792,-1.17306
-1.308,-1.55252
-0.886,-1.27323
-0.757,-1.46701
0.609,1.5691
-0.737,1.30582
-0.039,1.50548
-0.567,-1.32011
-0.912,-1.30281
-1.513,-1.12977
-0.948,-1.18091
-1.05,1.53613
0.037,-1.49777
0.459,-1.56339
0.869,1.14346
0.128,-1.31253
-0.886,-1.54979
-0.006,1.5351
-0.202,1.41343
-0.889,1.37409
-1.218,-1.56176
-0.902,-1.38613
-0.417,1.183
0.057,-1.43346
-1.198,1.3874
-1.484,-1.16481
0.053,1.34518
-1.924,-1.2781
-1.317,-1.5513
-0.656,-1.39329
-0.765,-1.56167
-1.033,-1.42384
0.577,1.43574
-1.195,-1.52498
-0.105,1.56551
0.277,1.44582
0.763,1.54107
0.725,1.23546
0.683,1.39626
-0.885,0.108418
0.004,1.49782
0.032,0.57139
0.529,0.239249
0.591,-0.179548
0.604,1.41671
-1.25,-1.36858
-1.772,-1.11103
-1.287,-1.17573
-1.497,-1.41424
0.271,1.50558
0.304,1.49868
0.986,1.46838
-1.745,-1.29464
-1.344,-1.17433
-1.036,-1.14387
-0.965,-1.32883
0.374,1.47198
-0.332,-1.30964
-0.239,1.38469
-0.162,1.40726
0.544,-1.13984
-1.016,1.38919
-0.678,1.19439
-1.811,-0.3278
-0.94,-1.46854
-0.864,-1.29051
-0.953,-1.31335
-0.329,1.16951
-0.501,-1.31504
0.427,1.43143
0.917,1.43029
-0.121,-1.43485
0.503,-0.0338388
0.586,1.31051
0.409,0.786867
0.268,0.018898
-0.717,1.45795
0.108,1.56236
-0.027,-1.41447
-0.799,-1.55845
-1.041,1.38774
-1.225,-1.23167
-1.532,-1.1953
-1.032,-1.566
-0.866,1.41293
0.001,-1.29446
0.045,1.51372
0.493,1.3648
0.227,1.45233
0.547,1.52262
0.407,-1.50777
0.835,1.33555
0.5,-0.0760607
0.133,-1.52469
0.28,1.24446
-0.783,-1.20041
-0.671,1.3861
-0.452,-0.702086
-1.119,-1.06074
-1.475,-1.45689
0.654,1.40724
-0.208,-1.39551
0.598,1.18396
-0.712,1.43792
-0.279,-1.50814
-1.684,-1.25444
-0.746,-1.49441
-1.152,-1.33412
0.554,1.08752
0.247,1.54837
0.797,-1.41962
-0.154,1.28392
0.441,1.43839
0.292,1.50825
0.289,1.39734
0.366,1.475
-0.534,1.24705
-1.597,-1.12562
-1.414,-1.22225
0.629,-1.35085
0.825,-1.56966
0.408,-1.26677
0.749,1.36229
0.886,1.4021
-0.685,-1.25607
-0.564,1.49307
0.504,1.36711
-0.028,-1.54691
0.733,1.4782
-1.307,-1.12607
-1.711,-1.24432
0.092,1.31644
-0.046,-0.0212428
0.639,1.52794
-0.023,-1.19489
0.218,1.4028
0.026,-1.39323
-0.928,-1.32251
-0.456,-1.45873
0.589,-1.51789
1.122,1.16987
-0.239,-1.26185
-0.284,1.4189
0.949,-1.54808
0.386,1.45214
-1.556,-1.1254
-1.667,-1.12517
-0.618,1.50081
0.417,1.32296
-0.518,1.48888
0.379,1.32888
-1.731,-1.27199
0.321,1.42838
0.473,1.45163
-0.275,1.40887
-0.98,1.18666
-0.171,1.37156
-1.339,1.38014
-0.641,-0.355437
-0.4,1.41978
-0.916,-1.56819
-1.293,-1.54572
-0.648,-1.3292
-0.654,-1.5459
0.407,1.43723
0.196,-1.00595
-1.203,-1.43972
-0.943,-1.42712
-1.123,-1.44933
-1.181,1.56817
-0.729,-1.3003
0.172,1.49658
1.014,1.20516
-0.29,-1.3179
-0.191,1.49521
-0.432,0.496652
0.606,-1.43407
-0.406,-1.45577
-0.111,-1.3474
-0.81,1.52537
-0.326,-1.0132
0.516,1.22859
-1.675,-1.39283
-0.633,-1.31956
-0.785,-1.3898
0.225,-1.40498
-0.837,-1.50587
0.886,1.44392
1.172,1.43622
0.332,1.2261
-0.364,-1.27904
0.381,1.39354
-0.6,-1.22661
-0.422,1.25707
1.126,-0.00847098
-0.186,-0.363042
-0.523,-0.705427
-2.033,-1.13899
-0.736,-1.47981
-0.126,-0.580229
0.409,-1.51814
-0.205,1.38968
0.719,1.20745
-0.098,-1.2771
-0.193,1.35413
0.263,1.39912
0.52,-0.265214
-0.891,-1.40819
-1.659,-1.40116
0.079,-1.19322
0.431,-1.50931
0.329,1.37716
-0.21,-1.24944
1.199,1.15013
-0.227,-0.25023
-0.38,-1.16029
-0.486,1.14844
0.582,-1.54932
0.59,1.51665
0.409,0.206093
0.825,0.730931
-2.247,1.31746
-1.058,-1.16009
0.194,1.14017
0.569,1.36336
0.256,-1.49044
-1.404,-1.11149
-1.149,-1.20581
-0.616,-1.14614
0.398,-1.46797
-0.602,-0.217854
0.321,-1.49469
0.218,1.41024
-0.721,-0.7736
-0.48,-1.48223
-0.607,1.34367
-1.122,-1.22153
-1.177,-1.18543
0.712,1.39603
-0.643,1.3336
-1.644,-1.17764
0.158,1.43727
-0.887,-1.41341
-0.047,0.32865
-1.659,-1.10479
0.472,-1.54625
0.472,-1.43534
-0.423,1.47502
-0.714,-1.28755
-1.037,1.35951
-0.05,1.45507
-0.494,-1.3149
-0.843,-1.55955
-0.909,-1.38988
0.403,1.32439
-0.649,-1.13048
0.7,1.35505
0.894,1.37294
0.606,1.36029
0.701,1.54498
0.531,-1.34691
1.394,-0.373032
-0.407,1.30492
-1.673,-1.35215
-0.24,1.42776
-0.451,-0.467366
-0.721,-0.582498
0.188,1.44703
-0.637,1.52
-0.423,-0.5028
0.103,0.664352
-0.422,1.43303
0.609,-1.55593
0.476,-1.31821
-0.25,-1.06564
-0.23,-0.453517
0.54,1.56784
-0.377,-1.34655
-1.605,-1.47543
-0.528,1.48005
0.115,1.18738
0.167,1.38847
-0.214,-1.22986
-1.029,1.46516
-1.419,-1.47615
0.37,1.33798
0.181,1.52362
0.077,-1.11396
-1.074,-1.13935
-0.292,-1.02695
0.016,1.33347
0.293,-1.4801
0.684,1.27127
0.431,1.50388
0.345,-1.31634
-0.391,-1.48484
-0.757,-1.52271
-0.183,1.54275
-1.033,-1.34059
0.685,1.38855
-2.119,0.920725
-1.588,-1.44591
0.176,1.09102
-0.991,-0.988979
-0.465,1.23583
-1.106,1.40071
-0.209,-1.55209
-1.452,-1.14476
0.449,1.41479
0.416,1.42078
0.533,1.25639
-0.615,-1.24407
0.385,1.33399
-1.028,-1.24022
-1.8,-1.33427
-0.174,1.38365
1.077,1.07571
-0.424,1.45199
-0.934,-1.23239
0.332,0.872635
0.098,-1.42056
0.172,1.18158
-0.461,-1.43812
-0.77,0.0549872
-1.362,-1.09213
-1.134,-0.689919
-1.387,-1.45889
-0.943,-1.10659
-1.868,-1.07773
0.978,1.49248
1.061,1.55066
-1.101,-1.09902
1.125,1.05542
-0.116,1.35083
-0.364,1.32733
-1.701,-1.12095
-0.432,-1.56052
0.438,1.46105
-0.189,-1.40289
-0.855,1.53714
-0.475,-0.145949
-0.8,-1.31876
0.039,1.34347
-1.529,-1.35245
-1.403,1.52423
0.615,1.37349
0.005,1.4796
-0.564,-1.36793
-1.02,-0.261094
-0.418,-1.53936
-0.943,-1.40742
0.36,1.43914
0.125,1.30074
-0.089,1.33146
-0.722,-1.39078
-0.975,1.31504
0.783,1.49985
-1.612,-1.29685
-0.33,1.4851
-0.556,-1.33841
-0.532,-1.56091
-1.536,-1.20774
0.615,-1.08755
-0.594,-1.43454
0.493,-1.5451
0.806,1.55844
0.648,-1.37841
0.991,-1.45252
0.502,0.636745
0.706,-1.53258
1.198,1.49145
0.541,-0.923834
0.315,1.501
-0.703,-1.3069
-1.435,-1.18067
0.395,1.15631
0.88,1.35764
0.531,1.40403
0.079,-1.00484
1.1,-1.48035
-0.631,-1.52709
-1.368,-0.956177
0.84,-1.46303
0.617,-1.48451
0.47,1.48239
0.087,-1.48806
0.909,1.30791
-0.272,1.3612
0.001,-1.32234
-1.062,-1.06799
0.98,-1.35639
0.819,1.18732
0.41,1.35695
-0.107,-1.27494
0.038,1.46484
0.702,-1.38817
1.077,1.14686
0.485,-1.52098
-0.056,1.35071
0.05,-1.31084
0.579,0.998539
-0.479,-0.408023
-1.069,-1.39998
-1.59,-1.1587
0.702,1.40218
0.639,-1.40533
0.935,-1.34489
-1.46,-1.12538
-1.572,-1.1652
-0.045,-1.47496
-1.913,-1.2274
-0.115,-1.13108
0.045,-1.04932
-0.289,-1.03146
-0.089,-0.747586
-0.736,1.45429
-0.662,1.3575
-0.183,1.37552
-2.083,-1.46365
0.388,1.18431
0.41,-1.34938
0.253,-0.998463
0.928,1.24077
0.486,1.5653
0.415,-1.54348
0.412,0.273919
0.64,1.16878
0.271,-0.960751
-1.149,-1.37329
-0.262,1.33139
0.577,-1.51056
1.137,1.14174
-0.388,-1.22373
1.109,-1.55367
-0.513,-1.2067
-0.259,-0.992839
-0.346,-0.738497
-0.05,-1.02618
-0.054,-0.70282
-0.513,1.42472
-0.287,-1.43992
-0.353,1.51366
0.556,1.33622
-0.517,-1.33987
-1.719,-1.17689
-1.143,-1.21492
-0.931,-0.957208
0.008,-0.0638191
0.159,-1.39089
0.776,-1.43808
0.396,1.54344
0.155,1.35141
0.045,1.53322
0.217,1.49153
0.029,-1.56895
-0.948,-1.12637
-0.627,-1.50431
-1.745,-1.26129
0.74,0.395476
-0.838,1.35621
-1.457,-1.10384
-0.517,1.42108
0.208,-1.48949
0.991,1.16897
-0.419,-1.22928
-0.438,0.957581
1.018,-1.44449
0.56,1.21365
0.264,1.36269
-0.752,-1.41252
0.033,1.43588
-1.02,-1.43515
-1.61,-1.04816
-0.996,-1.31986
-1.055,-1.1073
-1.393,-1.47056
-1.012,1.40228
0.556,1.35909
-0.882,1.52128
0.97,0.015627
-1.346,1.37414
-0.031,1.28643
-0.554,1.32994
-0.3,-1.55522
-2.329,-1.28058
1.245,1.16604
-2.144,-1.24375
-0.261,-1.25356
-2.135,1.56933
-1.112,-1.57032
0.863,1.42429
0.472,1.52175
-0.329,-1.15134
-0.512,-1.51024
-0.755,-0.0116581
-1.089,-1.45008
-0.216,-1.50186
-0.797,-1.1124
-0.137,-1.43653
-0.796,-1.50738
-1.567,1.49436
0.57,-0.368316
0.221,0.388434
0.827,0.95113
0.103,-1.4764
0.554,-1.37211
-1.482,-1.17981
-0.487,-0.489591
0.41,1.35768
-0.905,-0.923545
-1.64,-1.07382
-1.874,-1.21068
1.061,0.971489
-0.261,-1.24966
-0.153,1.3353
0.626,1.21754
-1.228,-1.30374
0.455,-1.51569
0.529,1.40715
0.113,1.32656
-0.596,-1.40956
-1.056,-1.33322
-0.157,-1.41328
0.332,1.25498
0.111,1.20459
-0.648,-1.1077
-1.682,1.23693
0.09,-0.0448325
0.367,1.47021
-0.711,-0.928961
-0.505,-0.968724
0.254,1.20652
0.928,-1.26475
-1.817,-1.53545
0.532,-1.2012
0.728,1.33374
0.418,0.177287
0.335,1.31452
0.32,-1.50889
0.788,-1.39136
-0.095,-1.18357
-0.503,1.55403
-1.051,-0.120463
-0.45,-1.22966
-0.945,1.36035
-1.231,-1.42254
-0.958,1.49774
-0.56,-1.3218
-0.343,-1.50939
0.113,1.50088
0.841,0.653375
-0.527,-1.17208
-0.991,-1.55099
-0.478,-1.49341
-0.844,-1.41925
-0.91,1.33409
-0.396,1.33763
-0.378,1.43561
-0.647,1.14232
-0.585,-1.1968
-0.303,0.881998
-0.338,-1.45271
0.416,1.33781
-0.885,-1.42542
0.292,-1.54822
0.866,1.50863
-1.004,-0.922667
-0.093,-1.22754
-1.234,-1.15515
-0.684,-1.38037
-0.103,1.48551
-0.593,1.32272
-1.198,1.46123
-1.377,-1.05453
-1.657,-1.15174
-1.86,1.56019
-0.406,1.45864
-0.434,-1.25942
-0.613,1.23264
0.483,0.937573
-0.088,1.52816
0.202,1.52437
0.376,-1.54654
-1.309,1.47869
-0.63,1.40017
0.056,-1.2515
-0.364,0.900909
-0.942,1.57017
0.495,-1.53184
0.142,-1.49785
-1.122,-1.21445
-1.241,0.139271
-1.49,-1.28131
0.135,1.45097
-1.065,-1.46607
-0.187,-1.50172
-1.026,-1.38796
0.588,1.5374
0.961,1.29693
0.52,1.38918
0.574,1.16783
0.239,1.31068
0.741,1.15644
-1.181,-1.31997
-0.671,-1.55804
0.721,1.28581
0.312,0.680599
0.81,1.17731
0.551,-0.480922
-0.426,1.41109
-0.661,-1.30611
-0.575,1.31369
0.204,1.41787
-0.29,-1.50984
-1.03,-0.852585
-0.23,1.50105
0.548,-0.254015
0.922,1.55317
-0.541,1.37905
-0.126,-1.32773
1.062,1.47608
-0.693,-1.28937
-1.389,-1.55141
0.405,-1.43335
0.578,-0.532467
-0.883,-1.37295
0.299,-1.53876
0.369,1.33479
0.14,1.27762
0.35,-1.43138
-0.114,1.21485
-0.663,-1.28502
-1.388,-1.53959
0.367,-1.45516
-0.066,1.26104
-1.507,-1.36184
0.836,-1.398
0.537,0.101562
-0.249,1.3588
-1.903,-1.21499
-1.712,-1.42363
-0.72,-1.41246
-0.04,1.32654
-1.916,-1.10467
0.227,-1.50053
0.043,1.26415
-0.204,-1.3067
0.817,1.2113
0.081,-1.54454
-0.288,1.41608
0.401,-1.38185
-0.042,-1.39354
-1.135,-1.38088
-0.782,-0.78249
-1.942,-0.944797
0.585,1.19618
-0.475,1.35257
0.497,0.995171
0.17,-0.215402
-0.607,-1.33146
-0.055,-1.41662
-1.538,1.5206
-1.726,-1.32133
0.821,1.3727
0.023,-0.436798
-0.7,-1.02811
-0.366,-0.845489
0.414,0.819752
-0.825,-1.37277
-0.227,1.49904
-0.886,-1.43649
0.307,1.33047
-1.328,-1.27571
0.256,0.259586
-0.34,0.0684857
0.166,0.134626
0.124,1.51638
-0.177,-1.27697
-0.412,1.45599
0.875,-0.103844
-1.605,-1.24383
-0.604,-0.973215
0.662,-0.19297
0.339,1.41801
0.272,1.22134
-0.097,1.20627
-1.126,-1.24339
-1.808,-1.22688
-2.162,-1.20004
-0.452,-1.47383
-0.541,1.38931
0.479,1.28752
0.215,1.3119
-2.151,-1.02734
0.125,1.33571
-1.835,-1.06496
-1.017,1.44198
-0.946,-1.46578
-0.259,-1.55215
-0.232,-0.75848
-0.564,-1.55474
0.008,1.29879
-1.242,-1.52041
-0.664,-1.43553
-0.545,-1.47412
0.05,1.09444
-0.888,-1.54797
-0.297,1.21855
0.012,-0.0831937
0.251,1.43667
-0.957,1.45819
-1.711,-1.40891
-1.61,0.135071
-0.795,-1.04231
0.029,-1.54485
-0.21,1.4412
-0.884,-1.3412
0.832,1.53043
0.805,1.38709
0.049,1.36571
-0.444,1.31183
-1.346,-1.14136
1.252,1.05327
-0.409,1.50422
0.43,-1.53111
1.167,1.15558
-0.18,1.34121
0.292,-1.51008
-0.883,-0.256718
-0.422,-1.18418
-0.805,1.53005
-0.36,-1.56672
0.409,1.28106
0.659,1.2308
0.563,1.18251
-0.095,-1.3036
0.324,1.51414
-1.027,1.47164
0.12,-0.549268
0.505,1.39235
-0.157,0.770425
-1.027,1.45364
0.289,1.24651
1.504,0.699167
-1.327,1.52885
0.879,1.32276
-0.879,-1.32338
-1.301,-0.902939
-1.408,-1.35555
-1.764,-1.21024
-1.984,-1.0072
1.151,1.07744
-0.967,-1.28057
-0.158,1.4037
-2.273,-1.04318
-0.141,0.589969
-0.23,1.29557
-1.687,-1.25512
-0.851,-1.41087
-1.217,-1.52802
0.501,-1.02126
0.177,-1.55536
-1.141,1.44676
-1.222,-1.36538
-1.053,-1.02376
-0.513,-1.40125
-1.481,-1.49686
-1.458,1.54907
-0.884,1.40806
-1.032,1.45098
-0.338,-0.619336
-0.716,1.41432
-1.076,1.55846
-1.079,-0.728118
-0.978,-1.07292
-1.621,-1.14883
-1.766,-1.31995
-1.958,-1.09009
0.562,-1.53857
-1.344,1.56119
-0.557,-1.22175
-0.603,-1.49498
-0.646,-1.40086
-0.136,-1.51309
0.202,1.32441
-1.557,1.54267
-1.162,-1.49065
0.562,1.30334
0.464,0.00558884
0.401,0.449835
0.639,-1.51835
0.577,1.33228
0.298,0.531744
-0.192,-1.35004
-1.395,-1.24577
0.426,-1.37913
0.402,-1.35865
-1.295,-1.55932
-0.664,-1.37422
-0.68,-1.54025
0.063,-1.43177
0.121,0.314204
-1.514,-1.17262
-0.675,-1.52283
-0.899,-1.11695
-0.598,-1.07742
0,1.30622
0.543,1.38713
0.71,-0.234412
1.074,-1.47128
-1.402,-0.984051
-0.367,1.3901
-1.408,-1.25255
-1.477,-1.53417
-0.569,-1.25122
0.619,1.00812
0.091,1.33048
-1.647,-1.19449
0.107,1.27774
-1.08,-1.21824
-0.898,-1.19356
-1.71,-1.32734
-2.79,1.55296
0.29,-1.48306
0.327,1.51202
-2.403,-1.11403
-1.018,-0.261607
-1.337,-1.1792
-0.683,1.40905
-0.844,1.54264
-1.398,-1.19797
0.145,1.41836
-0.769,1.56439
-0.748,-1.52268
0.815,1.27278
1.028,1.57035
0.744,0.331955
-1.287,0.903476
-1.382,0.952593
-0.609,-1.45084
-0.108,1.21019
0.537,-1.50092
0.183,-1.31863
0.393,1.3676
-0.928,1.35247
-1.033,-1.31417
-1.257,-0.481757
0.354,1.31161
-0.017,0.60364
-1.102,1.41306
-0.583,-1.44955
-1.456,-1.4171
-0.135,1.47803
0.173,-1.43064
-1.623,-1.06991
-1.4,-1.17997
0.925,-1.43695
0.935,1.41243
0.331,-1.11828
-0.058,-0.578834
0.691,1.41432
-0.193,1.34532
1.126,0.821783
-1.849,-1.13687
0.343,-0.217841
-1.385,1.38587
-0.967,-1.37483
0.557,0.0126637
0.293,-0.801935
0.535,1.49137
0.664,1.15209
0.375,-1.55199
-0.074,-1.40363
-0.773,-1.37743
-2.052,-1.16574
-1.857,-1.03312
0.151,1.40921
0.748,1.55593
-0.012,-1.53734
-1.296,-1.13229
-0.605,-0.253181
-0.942,-1.52596
0.068,-1.24528
0.382,1.42067
0.467,0.0152987
0.201,1.24698
-1.462,-1.02529
0.153,-1.1768
0.728,1.08828
-0.37,-1.53393
-0.183,-1.43334
0.461,1.47973
-1.072,-1.14915
-0.603,1.5072
-0.999,-1.20736
0.222,1.36999
-0.06,-1.33542
-0.855,-1.0935
-0.396,-1.47371
-0.646,-1.1476
0.047,-1.34083
-0.407,-1.44989
-0.567,1.49942
-1.682,-1.1238
0.395,1.32
-1.321,-1.19129
-1.287,-1.27
-0.901,-0.752026
0.662,1.4679
0.381,0.527221
0.351,0.734052
-1.249,-1.10171
-0.056,1.3975
-1.084,-1.09331
-1.259,0.65728
-0.672,-1.22495
-0.975,-1.31677
-1.283,-1.23585
0.833,-0.868751
-0.274,1.29302
-1.082,-1.13092
0.136,0.608756
-1.001,-1.03407
-2.53,1.55955
-1.273,-1.55591
-0.179,-1.42952
-0.65,-1.42381
-1.648,-1.29264
0.466,1.36336
-1.848,-1.57068
-0.161,1.43397
-1.071,-1.39744
0.46,1.31988
-0.299,-1.2941
0.6,1.19191
0.704,1.42356
0.256,1.32115
-0.565,-1.32075
0.164,1.06829
-0.819,1.4125
-0.971,1.37456
-0.137,1.32519
-0.44,1.11397
-1.789,-1.46643
-0.019,-1.37002
-0.481,-1.3328
-0.339,1.39879
0.099,1.16605
0.635,0.976501
0.649,1.41338
-0.291,-1.258
0.903,1.32895
1.071,0.417211
0.537,-1.48165
-0.605,1.31672
-0.44,1.27473
-0.182,1.30563
-0.693,1.41659
0.497,1.16162
-1.989,-1.24366
-1.645,-1.1611
0.407,-1.02846
-1.536,-1.16544
-0.179,-0.419037
-0.442,-0.510002
-0.005,-0.335362
0.312,1.5109
-0.979,-1.39214
-1.453,1.47347
0.079,1.39032
-0.43,-1.26825
0.276,1.44218
-0.394,-1.27197
0.619,1.39593
-0.403,-1.35014
-0.857,1.2699
-1.137,-1.14023
-1.005,-1.26485
-1.653,-1.10021
-1.738,-1.08871
-1.61,-1.27125
-2.23,-1.22545
-0.451,-0.336743
0.041,-1.528
-0.452,-0.543045
-1.647,-0.944847
-1.868,-0.735536
-1.458,-0.797057
-1.365,-0.95698
-1.838,-1.40345
-1.003,-0.752672
-1.169,1.34175
0.753,-1.48784
0.199,-1.18496
-0.564,-1.52218
-0.132,-1.4099
-0.201,-1.50722
0.589,1.48796
-1.667,1.51751
-0.864,-0.837038
-1.449,-1.49058
-0.963,-0.593967
1.165,1.25405
1.268,1.45693
1.303,-1.5518
0.541,1.36352
0.338,-1.30262
-1.335,-1.11931
-2.134,-0.965543
-1.571,-0.81985
-0.119,1.25835
0.385,0.588785
-1.237,-1.18598
0.054,1.34374
-0.687,-1.35841
0.731,1.1521
0.368,-0.289727
0.917,-0.238034
-0.643,-1.22703
0.427,-1.5542
0.887,-1.52524
0.282,0.205847
0.601,-0.0923589
0.186,1.53581
-0.533,-1.25515
-1.75,-1.14111
-0.653,1.46517
-1.178,-1.36589
-0.38,1.43887
0.489,1.32494
0.263,1.3911
-0.076,1.42212
-1.177,-1.19246
-0.362,-1.54747
0.793,1.3952
0.001,1.37392
0.362,-1.50093
0.693,1.20943
-0.214,-1.26866
0.771,-1.54027
0.085,1.48429
0.591,0.355121
0.503,1.24493
-0.732,-1.5228
-0.495,1.40945
-0.693,-1.25257
-0.673,-1.16199
-0.906,-1.02586
0.705,-1.49131
0.743,1.55438
0.228,1.56939
-0.506,-0.687081
0.107,-1.25605
0.635,-1.50616
0.336,-1.48903
0.83,0.681472
-0.541,-0.78312
0.033,-1.56198
-0.097,-0.311524
0.703,-1.4118
0.04,-0.0727131
-0.527,-1.29995
-1.341,-1.52708
-1.099,-1.52215
-1.157,-1.45163
0.479,0.543929
0.064,1.44567
-0.422,1.25707
-0.217,-0.346808
-1.089,-1.55785
-0.828,-1.12344
-1.37,0.182472
0.377,1.47171
-0.983,-1.47524
-0.487,-1.47751
-0.026,1.49998
-0.981,-1.36684
0.796,1.01512
0.278,1.33132
-0.236,-1.41566
-0.929,1.56786
0.448,1.25231
-1.214,-1.12006
-0.818,1.36553
0.577,1.40255
0.663,1.54432
0.316,-1.51049
0.198,1.36783
1.143,1.12339
-0.242,-1.25279
0.399,-1.47205
0.23,1.4393
-0.52,-1.44199
-0.67,-1.27567
-0.431,1.41666
-0.202,-1.48536
0.658,0.256587
-0.665,-0.340591
-0.173,-1.34058
-0.565,1.48334
0.265,1.36489
-0.947,0.0488186
-0.083,-1.32553
-0.256,-1.24546
-0.812,-1.39248
-0.269,1.53898
-0.703,-1.29632
-0.816,1.56311
-0.633,-1.41544
-0.579,1.48113
-0.794,-1.20935
-0.186,1.31986
-0.241,-1.40639
-0.212,1.35984
-0.881,-1.56257
0.102,1.20989
0.386,-1.20771
-0.934,0.852302
0.483,-1.49861
-0.54,1.42074
0.615,1.20398
-0.181,-1.25836
1.236,-1.48867
-2.104,-1.17558
-1.395,-1.39015
-0.256,-0.79611
-0.943,-1.22658
-0.486,1.29288
-1.771,-1.17833
0.488,-1.33475
0.709,-1.33464
-0.395,-0.86397
0.093,1.51422
-0.583,-1.50138
0.427,1.32523
-0.885,-0.125593
0.717,1.00971
-0.117,-1.29308
-0.799,1.34281
-1.09,1.39751
-0.375,0.500921
-1.711,1.50745
-0.821,-1.54885
-0.575,-1.24491
0.763,1.4142
0.446,-1.34056
-1.701,-1.20225
0.533,1.12507
0.317,5.96765E-05
0.111,-1.31139
-0.548,1.28433
-1.083,1.42823
0.104,-1.27894
0.291,1.4147
-0.123,-1.14486
-0.468,-1.39486
-0.646,-1.09293
-0.29,-1.28723
-0.236,-1.41546
-1.568,1.32335
-0.055,-1.41379
-0.29,-0.857057
0.703,-1.57076
-0.044,-1.16029
0.068,-1.4699
0.133,-1.51553
0.994,1.18414
0.63,-1.53347
1.098,-0.348357
0.416,-0.499537
-0.624,-1.17636
-0.89,1.39354
-0.525,-0.502425
0.161,1.38275
-1.517,-1.15584
-0.573,-1.49655
-1.309,-1.14758
0.1,-1.2389
-2.709,1.53357
-0.31,-1.21269
0.599,-1.49438
-1.717,-1.2629
-1.885,-1.04306
-0.64,1.33236
-0.746,-1.37582
-1.375,-1.54474
-0.725,-1.33747
0.394,-1.45957
-1.305,-1.33407
0.415,1.5035
-1.017,-1.4714
0.718,1.45366
-0.158,-1.51967
-0.044,1.44709
-1.055,-1.38343
0.51,1.19342
-0.952,1.25459
-0.366,-1.32424
-0.508,0.392877
-0.597,-1.36652
-0.225,-1.25969
-0.835,-1.19638
-0.976,-1.16517
-0.653,-1.13901
-0.226,-0.350681
-0.842,-1.40492
0.265,1.43423
0.002,-1.48168
-0.155,1.2657
0.538,1.32918
-0.054,1.34294
-0.747,-1.54335
-0.604,-1.08127
0.164,-1.21144
0.299,0.890611
-0.202,-1.20382
-0.512,0.0316829
-0.375,-1.39877
-0.747,-1.42872
-0.436,-0.990141
0.46,1.51679
0.078,-1.37567
0.56,-1.54507
0.679,1.14592
-0.909,-1.26923
-1.53,-1.12755
0.521,-1.42863
0.195,1.31637
-1.225,-1.02916
0.742,-1.41879
0.711,1.47516
-0.342,-1.2885
-1.166,-1.16046
-1.118,-1.16705
-1.858,-1.52896
0.18,1.50249
-0.556,-1.42958
0.699,1.44134
0.271,-1.51535
0.422,-1.36806
0.489,-1.49729
-1.325,-0.96517
-0.621,1.34733
1.198,-1.35444
0.663,1.512
-1.284,-1.55826
-0.679,-1.39373
-0.741,-1.55571
0.102,-1.38889
0.233,-0.927276
-0.247,1.48977
-0.796,-1.29343
-0.944,-1.2959
0.349,1.49328
-0.758,-1.55823
0.609,-1.40236
0.608,1.53393
0.572,-1.18702
0.568,1.51525
0.419,1.55148
1.046,1.48498
0.62,1.44475
0.597,-1.51302
-0.266,1.3735
-0.271,-1.25597
1.189,1.12287
0.529,-1.49547
0.635,1.555
-0.744,-1.14828
-0.741,-1.48675
-0.855,-0.0327651
0.25,1.54985
0.652,1.39248
-0.687,1.32007
-0.043,1.32856
0.093,1.43433
-0.895,1.14436
0.18,1.48472
-1.372,-1.30476
-0.821,1.54046
0.128,1.55094
0.5,1.47252
0.121,1.43569
0.18,1.33564
-0.687,0.768741
-0.591,-0.95799
-1.831,-1.1584
0.537,-0.198975
-2.619,-1.18525
-1.484,-0.9128
-1.602,-0.884956
-0.663,1.37827
-1.543,-1.04937
-0.621,-0.63725
0.21,1.02685
0.762,1.35736
-0.25,-1.16462
0.145,1.47532
-0.495,-1.38217
-0.783,-1.3895
0.623,1.28672
-0.369,1.27139
-0.356,-1.43581
-0.771,1.46911
0.36,0.352225
1.46,1.18737
-1.738,1.52473
-1.379,-1.12373
0.342,-1.51185
1.182,1.14842
-0.843,1.36778
-0.136,-1.26149
-0.504,-0.41173
0.268,1.39342
0.913,-0.0484411
-1.61,-1.31495
-1.717,0.926117
-1.868,-1.30261
0.324,1.39964
-1.837,-0.363362
-0.669,-1.4971
0.134,1.51112
-1.202,-1.17195
0.506,1.3837
-0.206,-1.46553
0.788,1.44861
-0.894,1.54952
0.959,1.52392
0.57,1.41978
-0.745,-1.12478
-1.653,-1.06134
0.088,1.36028
0.409,1.51133
0.214,-1.46404
-1.523,-1.11578
-0.492,-1.3528
-1.147,-1.55954
-1.271,-1.41336
0.554,0.894317
-1.789,-1.23186
-1.335,-1.13097
-0.446,-1.54679
0.339,1.45722
0.438,1.31252
0.363,1.32858
-0.303,1.21229
-0.206,1.50847
-0.83,-1.27611
0.392,-1.36612
0.606,1.4087
0.659,0.963764
-0.635,1.30568
-1.98,-1.11155
-0.093,-1.50147
-0.154,-1.16477
-1.206,-1.19024
-0.808,-1.16192
-1.66,-1.19013
0.754,1.3133
0.12,-1.18674
0.68,1.54546
0.059,1.24556
-1.041,1.03824
-1.238,-0.948435
-0.215,1.39978
-1.151,-1.49753
-0.975,1.4618
-0.691,-1.48602
-0.311,-1.15106
-1.058,-0.00996964
0.025,-1.15704
-0.796,-1.42288
-0.071,-1.53822
0.407,-1.55388
0.034,1.30231
0.267,-1.49986
-1.149,1.46031
-1.335,1.29005
-0.041,1.41066
-0.12,1.2091
0.931,1.4174
0.637,1.44234
-0.712,1.49056
-1.265,-1.55076
0.059,1.508
0.126,-0.211122
-0.214,1.11221
-0.587,-1.3882
-1.753,-1.04777
0.221,1.26242
-1.345,-1.20759
0.398,1.22559
-0.942,-1.3405
0.397,1.55849
-0.792,1.48631
-0.396,-0.32216
-0.511,0.684184
0.663,1.36101
0.269,1.1427
-0.856,-1.31728
-0.181,-1.43138
0.375,-1.09861
0.008,1.39986
0.1,1.17491
0.49,1.28303
-0.345,-1.43165
-0.663,-1.41233
-1.924,1.55545
-0.057,-1.16049
0.506,-1.49174
-1.391,-1.06819
0.4,1.43407
-0.008,-1.14401
-1.157,1.34949
-0.791,1.41702
-0.505,-1.01537
-1.681,-1.23088
-2.234,-1.56919
0.078,-1.10952
0.157,1.07623
-0.699,1.38814
-0.808,-1.00479
-1.738,-1.52434
-0.703,1.45444
-0.34,-0.788285
-0.994,-0.932945
0.823,1.16808
0.175,1.27201
-1.461,-1.40907
-0.37,-1.18809
-0.807,-1.05669
-0.58,1.55626
0.033,1.31263
0.011,1.01383
-0.424,1.35594
-1.058,-1.0503
0.115,1.54444
-0.533,-1.04737
0.484,1.30748
0.396,1.37071
-2.379,-1.13607
-0.645,-1.33833
-1.095,1.37244
-0.691,-1.46046
-1.375,-1.18723
-0.901,1.39681
-1.289,-1.10902
-0.354,1.33416
-0.082,-1.36096
0.834,0.383695
0.844,1.10813
-0.274,1.37928
-1.074,1.56788
-0.8,1.33285
-1.037,-1.49579
-0.535,-1.40451
0.551,1.42117
0.553,1.41759
0.375,1.48311
0.402,1.55771
0.174,1.41714
-1.205,-1.16399
-0.54,-1.36908
-0.459,1.50098
0.332,1.39457
-0.761,-0.356486
0.841,-1.55596
-0.858,-0.843375
0.163,1.34697
0.47,-1.49864
-1.508,-1.14897
-1.632,-1.2176
0.329,1.16829
1.082,1.32627
-1.122,-1.4564
-0.328,1.49488
0.454,1.27266
1.089,1.55673
-0.211,-1.32631
0.668,1.19165
0.551,1.40207
0.388,-1.29388
0.542,-1.41324
0.495,1.52808
0.847,1.18682
-0.341,1.3458
-0.675,-0.519608
0.988,1.31363
-0.462,1.51393
-0.135,1.57078
-0.48,-1.44129
0.308,1.41478
-0.616,-1.32827
-1.058,-1.08904
-1.159,-1.23481
-0.574,-1.11131
-0.155,0.314105
0.683,1.35892
0.575,-0.377289
0.6,1.30811
-0.666,1.32578
-0.726,-1.33242
-0.864,0.84857
0.074,-1.56278
0.407,-1.51468
-0.518,1.39354
-0.229,-1.53437
-0.564,-1.50639
-1.283,-1.34268
-1.587,-1.13551
-0.163,-1.36514
-1.738,-1.03698
-0.443,-1.17125
-0.94,-1.20013
-0.907,-1.25196
-0.306,-1.36892
0.307,1.39053
0.23,-1.45308
0.319,1.40933
-0.176,-0.69219
0.546,-1.19843
-0.351,-1.30322
-1.583,-1.19473
0.924,1.48242
0.5,0.390769
-1.13,-1.23722
-1.003,-1.28797
-2.386,1.57015
0.641,-1.32673
-0.186,-1.51713
-0.822,-0.686652
-0.331,-0.735465
-1.288,-1.06909
-1.397,-1.36027
-1.222,-1.30061
-0.104,-1.4306
0.552,1.40292
0.711,1.54887
0.07,0.282232
-0.492,1.38092
-1.08,1.38381
-2.488,-1.15902
0.24,-0.231983
0.62,-1.21189
0.506,0.0147979
-0.302,1.55806
-1.714,-1.16609
-2.034,-1.23199
-1.381,-1.32438
-0.862,-1.13632
-0.94,-1.39965
-0.962,1.56001
0.62,1.42407
0.609,1.27309
-0.024,-1.55299
-0.598,-1.31953
-0.704,-1.4017
-0.581,-1.56646
-0.492,1.33079
-0.161,1.18085
-0.427,1.44157
-0.765,-0.73022
-0.68,1.46916
-0.35,-1.48718
-0.583,-1.30894
-0.572,1.55615
0.415,1.4718
-0.244,-1.55006
-0.042,-1.41398
-1.151,-1.52234
-0.463,-1.35927
-0.684,1.45004
0.585,1.27091
0.103,1.19985
0.716,-0.335512
0.375,0.874483
-1.108,-1.27423
-0.595,1.27738
-0.906,-1.32351
-0.283,1.49011
-1.613,-1.21715
0.305,1.40543
0.273,1.48712
0.236,1.55253
0.587,-1.24887
0.622,0.255099
0.379,-0.780366
0.47,1.5115
-0.577,-1.42508
-0.191,1.22868
-0.225,1.44579
-1.267,-1.16569
-1.297,-1.01897
0.597,1.53386
0.099,-1.47736
0.465,-1.38552
0.496,1.50846
0.41,1.23001
-0.253,-0.279186
-0.667,-1.54155
-1.881,-1.13561
0.524,1.35425
-0.638,-1.06914
0.431,-1.41929
-1.213,1.51382
0.897,0.0393865
0.275,1.28934
-1.75,-1.30547
-1.145,-1.22097
-2.533,1.56457
0.12,1.55832
-0.13,1.3396
0.512,-1.54129
1.007,1.10045
-0.067,1.38656
-0.513,1.41575
-0.001,-1.19502
-0.872,-1.30733
-1.406,-1.48786
-0.548,1.49549
-0.107,1.05425
-1.703,-1.52325
0.786,1.33292
-0.285,-1.35406
0.988,1.52581
0.683,-0.794292
-0.577,1.28292
0.324,-1.45585
0.296,-1.2494
0.194,-1.32446
0.333,-1.42544
-1.369,-1.13902
-0.28,-1.29443
-1.375,-1.45254
-0.02,1.35958
0.994,1.09283
-1.063,-0.649453
-0.972,-0.888992
-1.091,-0.997984
-0.523,-1.36367
-0.056,1.4811
0.616,1.27084
0.648,0.0917988
0.025,-1.48734
-0.957,-1.38438
-0.581,-1.25987
-1.608,1.46456
-1.836,-1.21756
0.919,-1.41665
0.731,1.43464
-0.019,-0.365319
-0.393,1.56236
-1.013,-1.0701
0.508,1.42561
-0.655,1.35795
-0.545,-1.50473
0.105,-1.3151
0.025,-1.40614
0.805,1.48787
-0.457,-1.21863
-1.633,-1.08254
-0.523,1.39161
-0.144,0.562343
-0.343,1.47563
-0.265,-1.36585
0.552,1.43261
-0.454,1.30507
-0.706,1.47873
-0.834,-1.51369
-1.014,-1.33036
-0.964,-1.25087
0.49,1.50317
0.729,1.48389
-1.041,-1.23026
-1.344,1.41992
-1.02,-1.4756
-0.792,-1.46346
-2.159,-1.47847
-0.079,-0.913394
0.553,-1.29666
-0.779,-1.47032
-1.206,-1.49097
0.295,1.50143
0.455,1.46511
0.706,1.16892
-0.666,-1.15298
-0.58,-1.53865
-0.32,1.44186
-1.009,-1.22941
-0.559,-1.49135
-0.854,-1.56681
0.679,-1.28774
-0.778,-1.21571
-0.583,-1.56673
0.302,-1.28495
0.409,-1.36726
0.521,-1.35119
-0.846,-1.2799
-0.835,1.35632
0.55,1.15538
-1.466,-1.54857
-0.961,-1.26295
0.358,-1.52805
-0.523,-1.26849
-0.27,-1.44098
-0.039,1.12317
-1.358,-1.39718
0.155,1.36551
0.203,1.34025
-0.552,0.713491
-1.329,-1.17837
-0.731,-1.18858
-1.43,-1.54416
-0.582,1.35723
-1.66,-1.10432
-2.061,-1.21871
0.88,1.26967
0.426,1.3951
-0.865,-1.43141
0.246,1.42361
-1.167,1.55946
0.097,1.4619
-2.025,-1.23019
-0.126,-1.07751
0.194,-1.3803
0.059,1.46281
0.588,-1.44614
0.693,-1.42016
0.888,1.267
-0.281,-1.29397
0.778,1.19728
-0.485,-0.376693
0.226,-1.39615
0.153,1.36976
-0.623,1.40965
-0.863,-1.53092
-0.821,1.45222
-0.268,1.41938
-1.372,-1.2698
-0.209,1.56914
-1.153,0.516567
0.101,-1.03244
-0.258,-0.183558
-1.673,-1.16768
-1.267,-1.42925
0.038,1.4026
0.701,1.29589
0.635,-1.33222
-1.611,-1.30812
-0.883,-1.36435
-0.472,-1.46183
-0.821,-1.34011
-1.88,1.47768
0.577,0.393574
0.906,1.09599
0.074,-1.54222
0.481,1.56463
0.007,1.0119
0.621,1.47996
-1.309,-1.35873
-0.01,0.803202
-1.824,-0.505661
-0.87,1.49711
-0.447,-1.48687
-1.357,-1.53156
-0.586,-1.33206
-0.191,-1.42785
0.373,1.45587
-0.762,1.43486
-0.451,1.3275
-0.726,1.48263
-2.015,-1.56143
0.662,1.35611
0.332,1.42618
0.719,1.42119
0.688,-0.653775
1.061,1.38025
0.137,1.13563
-0.014,1.31064
0.119,1.36942
-0.23,-1.17671
0.055,-1.32995
0.158,1.47749
0.581,1.4108
0.634,-0.100734
0.522,1.46677
1.243,1.41371
0.14,-1.2394
0.349,-1.52659
0.772,1.12275
-0.415,1.39343
0.648,-1.40079
-0.255,-1.27064
0.779,1.09256
0.223,-1.41261
-0.94,-1.3346
0.45,-1.31884
0.652,-1.28406
0.047,1.38515
-0.721,-1.09826
-0.424,1.5021
-0.78,1.53661
-0.313,-1.27424
0.063,-1.5692
0.624,0.422216
0.659,0.904656
-1.317,-1.4027
-0.919,-1.08196
-1.296,-1.21278
0.172,1.26747
-0.136,1.2019
-0.01,1.28181
0.161,1.53778
-1.896,-1.09417
1.023,1.30237
-2.017,-1.14761
0.622,1.41724
0.983,-0.925477
0.221,0.922546
-1.685,-1.11258
-0.92,1.13776
-0.545,-1.44503
-0.326,-0.180628
-1.664,-1.23668
0.883,1.49749
0.158,1.55275
0.466,-1.40972
0.374,-0.238206
0.7,-1.54949
0.363,0.926958
-1.276,-1.06712
0.688,1.19185
0.013,1.32798
-0.767,-1.27215
-0.246,-0.322718
0.501,-1.34144
0.414,1.42972
-0.251,-1.43205
-0.364,1.48713
-0.819,-1.23987
0.287,1.41394
-1.046,-1.17872
0.313,-1.41583
-0.186,-1.47905
-1.356,1.47367
0.274,1.49678
0.63,-1.52762
0.667,-1.51955
0.524,1.34121
0.697,1.53669
0.421,1.42025
-0.686,-1.19488
0.28,1.41502
-1.203,-1.26688
-1.66,1.49547
-1.631,-1.08418
-0.615,-1.55947
-0.809,-1.36102
-1.495,-1.34638
-0.187,-1.51331
-0.221,-1.4333
-0.334,1.50032
0.351,1.25971
-1.102,-1.50981
-0.935,-1.33721
-1.259,-1.4604
-0.4,-0.0786194
0.078,1.48609
-0.897,-1.4163
0.209,-1.51898
-0.133,0.7418
-0.496,1.34525
-1.811,-1.13299
0.002,-1.5361
-0.552,-1.22241
0.618,-0.511699
0.756,1.46852
0.554,-0.0957083
1.009,1.41569
-1.866,-1.15173
-0.85,-1.11527
0.446,0.485015
-1.842,-1.53791
0.792,-1.32757
0.529,1.10909
0.596,1.28359
0.674,1.40904
0.573,1.53607
0.241,1.33949
-0.3,1.41542
-0.109,1.2815
0.164,-0.465712
0.101,-1.42103
0.611,-0.504131
0.485,-0.0439684
0.661,-1.4578
0.421,-1.40223
0.625,0.435877
-1.872,-1.28793
-1.661,0.608071
0.225,1.49099
-0.806,-1.39157
0.096,-1.2408
-0.401,0.746337
-0.433,-1.52165
0.444,1.45404
-0.112,-1.46636
0.402,-1.30752
0.627,1.44134
0.857,0.277608
0.349,1.40009
0.425,1.37035
-0.567,-1.40212
0.923,1.51145
-0.577,1.53029
-1.101,-1.44725
0.241,1.38844
-0.36,1.43941
-0.435,-1.27125
0.52,1.05033
0.88,-1.16482
-0.93,-1.15832
-0.76,-1.30771
-0.439,-0.527363
-1.553,-1.17377
-0.216,-1.56583
0.429,-1.53303
0.337,-1.52334
-0.718,1.45433
-1.663,-1.32429
-0.476,-1.5287
-1.492,-1.13677
-0.966,-1.45152
-1.246,1.50907
0.061,-1.38735
0.469,-1.40648
0.485,1.40831
0.461,1.46538
-1.343,-1.20652
-1.562,-1.05621
-1.17,-1.29969
0.409,1.15808
-0.417,-1.51657
-0.787,-1.53859
-0.742,1.43396
0.052,-1.4526
1.268,0.750391
0.486,1.39189
-0.431,1.10977
-1.118,-1.18109
-0.919,1.56252
-1.809,-1.33515
-0.093,1.31388
0.146,-1.07133
0.087,-1.10588
-0.253,-0.987341
-0.097,-1.16182
-0.963,-0.810265
-0.92,1.40852
0.002,-1.49429
0.663,-1.50328
0.378,-1.3074
0.587,-0.0965345
-1.992,-1.28441
0.077,1.41295
-0.355,-1.51339
-0.849,-0.334906
-0.857,-1.2014
-0.114,0.00903291
0.343,1.3085
-0.218,-1.39146
-0.072,-1.24549
-0.014,-1.30902
-2.121,-1.55994
0.744,-1.08751
0.876,-1.27408
-1.079,-1.28602
-0.437,1.56939
-1.321,-1.19396
0.959,1.28295
-0.688,-1.42773
-1.56,-1.1497
0.515,1.51496
0.435,-0.710635
0.465,1.53262
0.254,1.34074
0.235,0.665312
-0.637,1.34275
-1.542,-0.964911
-0.5,1.13918
-0.029,-1.4344
-0.342,-1.39837
-1.216,-1.00743
-0.403,1.42509
-2.424,-1.20693
-1.632,-1.55162
-0.176,1.36568
0.574,1.22251
-1.166,-1.43295
0.134,1.39219
0.396,-1.51616
0.505,1.13348
-0.379,-1.26817
-0.435,-0.0736447
0.072,-1.43064
0.882,-1.50982
-0.42,-1.45153
0.197,1.27706
0.897,1.51607
0.219,0.196967
0.241,-0.927995
0.165,1.41141
-0.17,-1.36833
-1.769,-1.25197
-0.253,-1.14589
-0.788,-1.15135
0.314,-0.233647
0.306,-0.236115
0.454,-0.316616
1.01,1.03632
0.024,1.50377
-0.011,-1.56111
-1.054,-0.761997
-1.199,-0.933454
-0.911,-1.05585
0.686,-1.5701
1.177,-1.50513
-0.502,-1.17286
-1.156,-1.27481
-0.652,-0.837607
0.401,-1.43641
0.149,0.206796
0.36,-1.18251
0.379,0.298536
0.509,0.0767316
0.527,1.24129
-1.28,-1.15595
-0.942,-1.06501
-1.291,-1.241
-0.627,-1.11112
0.721,1.53001
-0.356,-1.22312
0.63,-0.256821
0.551,0.0220734
0.678,0.246422
0.512,1.2665
1.364,-0.451499
0.601,1.41269
0.248,-1.5055
-1.686,-1.07664
0.288,1.54728
-1.608,-1.24609
-0.833,-1.17167
0.628,1.27956
0.347,-1.37493
0.449,-1.03446
0.489,-0.510622
-1.369,-1.12984
-1.62,-1.12038
-0.839,-0.533971
-0.638,-1.48253
-0.829,-1.50065
-1.488,-1.33266
0.109,1.3349
-1.035,1.50188
-0.436,-1.1591
-0.557,-1.49741
0.223,1.34556
0.824,0.981986
-1.421,-1.07687
-1.999,-1.1901
0.208,0.414093
-0.203,-1.1762
-1.384,-1.34139
0.973,1.55388
0.364,1.14976
-1.711,-1.12195
-1.087,-0.459208
0.366,1.33005
-1.478,-1.29056
-1.303,-1.18726
-1.212,-1.35661
-1.039,-1.2003
-0.473,-1.1579
-0.629,-1.52429
-1.08,-0.0356289
-0.711,-1.31073
-0.666,1.46473
0.581,-0.275139
1.142,1.24202
0.216,0.962732
-0.628,-1.30065
-0.636,-1.00019
-1.341,-1.14199
-0.365,-0.325384
-1.163,-1.29378
-1.016,-1.19833
0.49,-1.52881
-0.101,0.379347
0.126,1.24309
0.963,1.48855
-0.679,1.19497
-1.258,-1.55359
-0.867,-1.22033
-0.823,-1.5665
0.22,-1.42665
0.308,1.51735
0.96,1.17191
-1.034,1.46588
-0.272,-1.14604
-1.263,-1.45129
0.484,-1.56273
0.566,1.09313
-0.791,1.53711
-1.217,-1.12418
0.234,-0.223864
-1.624,-1.18059
-0.138,1.34972
-1.492,-1.54717
-0.655,-1.29213
0.25,-1.43069
-0.302,-1.11604
-0.727,-0.991117
-0.901,1.41673
-0.703,-1.20962
-0.517,-0.989521
-1.305,-1.45109
-0.699,-1.47975
0.543,1.41758
0.666,1.18356
0.423,-1.56567
-0.536,-1.14131
-1.214,-1.38381
-1.362,-1.44093
-0.108,0.940784
0.495,1.39772
0.659,1.53492
0.414,-0.278916
-1.484,-1.26886
-1.119,-0.295584
-0.225,-1.21998
-0.871,1.54506
-1.281,-1.17935
-1.012,-1.34475
-1.273,-1.03097
-1.112,-1.28117
0.942,1.39081
-1.594,-1.08197
-2.093,-1.19669
-1.65,-1.14589
-0.076,-1.4697
-1.151,-1.01302
-0.127,-1.54017
-1.093,-1.23929
-0.525,1.40912
-0.631,-1.23893
-0.708,-1.45383
0.703,-0.349445
-1.342,-1.09553
0.52,0.115543
0.324,1.26599
-0.45,-0.388424
-0.232,-1.44365
-1.385,-1.19979
-1.482,-1.14543
0.514,1.19641
-2.091,-1.25806
-1.505,-1.24772
-0.728,-1.29508
0.414,1.19808
0.356,1.48296
0.256,-1.08683
0.327,1.40562
-1.023,-1.21153
-0.135,1.36795
-1.154,-1.2201
-0.688,-1.53733
0.162,1.45384
0.541,1.23977
0.139,1.19701
-0.007,1.47344
0.267,1.38996
0.765,1.48381
0.622,0.170383
-1.151,-1.362
-0.863,-1.42445
-0.754,1.56923
0.406,-1.53812
0.251,1.52137
1.125,1.50116
-0.928,-1.55217
0.033,-1.40861
-0.748,1.40004
-0.078,-0.982467
-0.426,-1.54538
-0.574,-1.30037
0.316,1.51641
0.751,1.54238
0.535,1.39178
-1.641,-1.18432
-1.501,-1.12454
-0.711,-1.44408
-0.457,-1.09364
-1.285,-1.22429
0.475,1.42917
0.579,1.48873
0.163,-1.06852
0.142,-1.40614
0.599,1.28661
0.633,1.52971
0.078,1.4464
-0.36,1.51552
0.185,1.31128
0.075,-1.36694
-0.346,-1.50892
-0.569,1.55218
-0.697,-1.45474
-0.154,1.34131
0.583,1.30634
0.74,1.34939
-0.821,-1.47895
-0.237,-1.49109
0.554,1.48319
-1.052,-1.38997
0.023,1.53326
0.205,0.730052
0.257,-1.4073
-0.677,1.46233
0.531,1.54381
0.191,1.40589
0.491,-1.54379
0.668,-1.42455
0.733,-1.47717
-0.451,-1.441
-0.111,1.21342
-0.274,-1.08838
-0.506,0.794224
0.624,-0.0324556
0.532,1.30644
-1.004,-1.4829
0.375,1.49628
-0.367,-1.49424
0.384,-1.57077
-1.09,-1.36429
0.432,1.22283
-1.422,-1.1372
-1.723,1.49393
-1.938,-1.24881
-1.271,-1.31918
-0.88,-1.41848
0.532,1.46143
-1.325,-1.54223
-0.175,1.56818
0.1,1.2496
-0.265,1.39015
0.808,1.45264
0.752,1.21913
-1.306,-1.1992
0.511,-1.52112
0.238,0.464303
0.418,1.40835
-0.194,-1.3747
-1.653,-1.14104
-1.015,-1.1802
-0.237,-0.651009
-0.09,-1.48377
-0.994,1.56473
0.352,1.40288
-1.199,-1.5518
-0.639,-1.29902
-0.696,-1.53798
-0.465,-1.45154
0.291,1.56861
0.323,1.3968
-1.372,-1.53938
-0.572,-1.27822
-0.379,-1.45528
0.417,1.35212
-0.85,1.39477
-0.002,-1.23994
-1.487,-1.35304
-0.72,-1.51127
-0.097,1.44976
-0.578,-1.15149
-1.103,-1.44142
-0.162,1.51466
0.285,1.49803
-1.929,-1.15773
0.449,1.51112
0.455,0.98514
0.22,1.10907
-0.866,1.37954
-0.243,1.29414
-0.609,1.37662
-0.93,-1.15692
-0.516,-1.47108
-1.104,-1.05101
-0.151,-1.29821
-0.299,1.34289
